,ALA,ARG,ASN,ASP,CYS,GLN,GLU,GLY,HIS,ILE,LEU,LYS,MET,PHE,PRO,SER,THR,TRP,TYR,VAL
pka_cooh_alpha,2.35,2.18,2.18,1.88,1.71,2.17,2.19,2.34,1.78,2.32,2.36,2.2,2.28,2.58,1.99,2.21,2.15,2.38,2.2,2.29
pka_nh3,9.87,9.09,9.09,9.6,10.78,9.13,9.67,9.6,8.97,9.76,9.6,8.9,9.21,9.24,10.6,9.15,9.12,9.39,9.11,9.74
pka_rgroup,7.0,13.2,13.2,3.65,8.33,7.0,4.25,7.0,5.97,7.0,7.0,10.28,7.0,7.0,7.0,7.0,7.0,7.0,10.07,7.0
isoelectric_points,6.11,10.76,10.76,2.98,5.02,5.65,3.08,6.06,7.64,6.04,6.04,9.47,5.74,5.91,6.3,5.68,5.6,5.88,5.63,6.02
molecularweight,89.0,174.0,132.0,133.0,121.0,146.0,147.0,75.0,155.0,131.0,131.0,146.0,149.0,165.0,115.0,105.0,119.0,204.0,181.0,117.0
numbercodons,4.0,6.0,2.0,2.0,1.0,2.0,2.0,4.0,2.0,3.0,6.0,2.0,1.0,2.0,4.0,6.0,4.0,1.0,2.0,4.0
bulkiness,11.5,14.28,12.82,11.68,13.46,14.45,13.57,3.4,13.69,21.4,21.4,15.71,16.25,19.8,17.43,9.47,15.77,21.67,18.03,21.57
polarityzimmerman,0.0,52.0,3.38,49.7,1.48,3.53,49.9,0.0,51.6,0.13,0.13,49.5,1.43,0.35,1.58,1.67,1.66,2.1,1.61,0.13
polaritygrantham,8.1,10.5,11.6,13.0,5.5,10.5,12.3,9.0,10.4,5.2,4.9,11.3,5.7,5.2,8.0,9.2,8.6,5.4,6.2,5.9
refractivity,4.34,26.66,13.28,12.0,35.77,17.56,17.26,0.0,21.81,19.06,18.78,21.29,21.64,29.4,10.93,6.35,11.01,42.53,31.53,13.92
recognitionfactors,78.0,95.0,94.0,81.0,89.0,87.0,78.0,84.0,84.0,88.0,85.0,87.0,80.0,81.0,91.0,107.0,93.0,104.0,84.0,89.0
hphob_eisenberg,0.62,-2.53,-0.78,-0.9,0.29,-0.85,-0.74,0.48,-0.4,1.38,1.06,-1.5,0.64,1.19,0.12,-0.18,-0.05,0.81,0.26,1.08
hphob_sweet,-0.4,-0.59,-0.92,-1.31,0.17,-0.91,-1.22,-0.67,-0.64,1.25,1.22,-0.67,1.02,1.92,-0.49,-0.55,-0.28,0.5,1.67,0.91
hphob_woods,-0.5,3.0,0.2,3.0,-1.0,0.2,3.0,0.0,-0.5,-1.8,-1.8,3.0,-1.3,-2.5,0.0,0.3,-0.4,-3.4,-2.3,-1.5
hphob_doolittle,1.8,-4.5,-3.5,-3.5,2.5,-3.5,-3.5,-0.4,-3.2,4.5,3.8,-3.9,1.9,2.8,-1.6,-0.8,-0.7,-0.9,-1.3,4.2
hphob_manavalan,12.97,11.72,11.42,10.85,14.63,11.76,11.89,12.43,12.16,15.67,14.9,11.36,14.39,14.0,11.37,11.23,11.69,13.93,13.42,15.71
hphob_leo,0.44,-2.42,-1.32,-0.31,0.58,-0.71,-0.34,0.0,-0.01,2.46,2.46,-2.45,1.1,2.54,1.29,-0.84,-0.41,2.56,1.63,1.73
hphob_black,0.616,0.0,0.236,0.028,0.68,0.251,0.043,0.501,0.165,0.943,0.943,0.283,0.738,1.0,0.711,0.359,0.45,0.878,0.88,0.825
hphob_breese,0.61,0.69,0.89,0.61,0.36,0.97,0.51,0.81,0.69,-1.45,-1.65,0.46,-0.66,-1.52,-0.17,0.42,0.29,-1.2,-1.43,-0.75
hphob_fauchere,0.31,-1.01,-0.6,-0.77,1.54,-0.22,-0.64,0.0,0.13,1.8,1.7,-0.99,1.23,1.79,0.72,-0.04,0.26,2.25,0.96,1.22
hphob_guy,0.1,1.91,0.48,0.78,-1.42,0.95,0.83,0.33,-0.5,-1.13,-1.18,1.4,-1.59,-2.12,0.73,0.52,0.07,-0.51,-0.21,-1.27
hphob_janin,0.3,-1.4,-0.5,-0.6,0.9,-0.7,-0.7,0.3,-0.1,0.7,0.5,-1.8,0.4,0.5,-0.3,-0.1,-0.2,0.3,-0.4,0.6
hphob_miyazawa,5.33,4.18,3.71,3.59,7.93,3.87,3.65,4.48,5.1,8.83,8.47,2.95,8.95,9.03,3.87,4.09,4.49,7.66,5.89,7.63
hphob_argos,1.36,0.15,0.33,0.11,1.27,0.33,0.25,1.09,0.68,1.44,1.47,0.09,1.42,1.57,0.54,0.97,1.08,1.0,0.83,1.37
hphob_roseman,0.39,-3.95,-1.91,-3.81,0.25,-1.3,-2.91,0.0,-0.64,1.82,1.82,-2.77,0.96,2.27,0.99,-1.24,-1.0,2.13,1.47,1.3
hphob_tanford,0.62,-2.53,-0.78,-0.09,0.29,-0.85,-0.74,0.48,-0.4,1.38,1.53,-1.5,0.64,1.19,0.12,-0.18,-0.05,0.81,0.26,1.8
hphob_wolfenden,1.94,-19.92,-9.68,-10.95,-1.24,-9.38,-10.2,2.39,-10.27,2.15,2.28,-9.52,-1.48,-0.76,0.0,-5.06,-4.88,-5.88,-6.11,1.99
hphob_welling,1.15,0.58,-0.77,0.65,-1.2,-0.11,-0.71,-1.84,3.12,-2.92,0.75,2.06,-3.85,-1.41,-0.53,-0.26,-0.45,-1.14,0.13,-0.13
hphob_wilson,-0.3,-1.1,-0.2,-1.4,6.3,-0.2,0.0,1.2,-1.3,4.3,6.6,-3.6,2.5,7.5,2.2,-0.6,-2.2,7.9,7.1,5.9
hphob_parker,2.1,4.2,7.0,10.0,1.4,6.0,7.8,5.7,2.1,-8.0,-9.2,5.7,-4.2,-9.2,2.1,6.5,5.2,-10.0,-1.9,-3.7
hphob_ph3_4,0.42,-1.56,-1.03,-0.51,0.84,-0.96,-0.37,0.0,-2.28,1.81,1.8,-2.03,1.18,1.74,0.86,-0.64,-0.26,1.46,0.51,1.34
hphob_ph7_5,0.35,-1.5,-0.99,-2.15,0.76,-0.93,-1.95,0.0,-0.65,1.83,1.8,-1.54,1.1,1.69,0.84,-0.63,-0.27,1.35,0.39,1.32
hphob_mobility,5.1,2.0,0.6,0.7,0.0,1.4,1.8,4.1,1.6,9.3,10.0,1.3,8.7,9.6,4.9,3.1,3.5,9.2,8.0,8.5
hplchfba,3.9,3.2,-2.8,-2.8,-14.3,1.8,-7.5,-2.3,2.0,11.0,15.0,-2.5,4.1,14.7,5.6,-3.5,1.1,17.8,3.8,2.1
hplctfa,7.3,-3.6,-5.7,-2.9,-9.2,-0.3,-7.1,-1.2,-2.1,6.6,20.0,-3.7,5.6,19.2,5.1,-4.1,0.8,16.3,5.9,3.5
transmembranetendency,0.38,-2.57,-1.62,-3.27,-0.3,-1.84,-2.9,-0.19,-1.44,1.97,1.82,-3.46,1.4,1.98,-1.44,-0.53,-0.32,1.53,0.49,1.46
hplc2_1,-0.1,-4.5,-1.6,-2.8,-2.2,-2.5,-7.5,-0.5,0.8,11.8,10.0,-3.2,7.1,13.9,8.0,-3.7,1.5,18.1,8.2,3.3
hplc7_4,0.5,0.8,0.8,-8.2,-6.8,-4.8,-16.9,0.0,-3.5,13.9,8.8,0.1,4.8,13.2,6.1,1.2,2.7,14.9,6.1,2.7
buriedresidues,11.2,0.5,2.9,2.9,4.1,1.6,1.8,11.8,2.0,8.6,11.7,0.5,1.9,5.1,2.7,8.0,4.9,2.2,2.6,12.9
accessibleresidues,6.6,4.5,6.7,7.7,0.9,5.2,5.7,6.7,2.5,2.8,4.8,10.3,1.0,2.4,4.8,9.4,7.0,1.4,5.1,4.5
hphob_chothia,0.38,0.01,0.12,0.15,0.5,0.07,0.18,0.36,0.17,0.6,0.45,0.03,0.4,0.5,0.18,0.22,0.23,0.27,0.15,0.54
hphob_rose,0.74,0.64,0.63,0.62,0.91,0.62,0.62,0.72,0.78,0.88,0.85,0.52,0.85,0.88,0.64,0.66,0.7,0.85,0.76,0.86
ratioside,0.0,0.65,1.33,1.38,2.75,0.89,0.92,0.74,0.58,0.0,0.0,0.33,0.0,0.0,0.39,1.42,0.71,0.13,0.2,0.0
averageburied,86.6,162.2,103.3,97.8,132.3,119.2,113.9,62.9,155.8,158.0,164.1,115.5,172.9,194.1,92.9,85.6,106.5,224.6,177.7,141.0
averageflexibility,0.36,0.53,0.46,0.51,0.35,0.49,0.5,0.54,0.32,0.46,0.37,0.47,0.3,0.31,0.51,0.51,0.44,0.31,0.42,0.39
alpha_helixfasman,1.42,0.98,0.67,1.01,0.7,1.11,1.51,0.57,1.0,1.08,1.21,1.16,1.45,1.13,0.57,0.77,0.83,1.08,0.69,1.06
beta_sheetfasman,0.83,0.93,0.89,0.54,1.19,1.1,0.37,0.75,0.87,1.6,1.3,0.74,1.05,1.38,0.55,0.75,1.19,1.37,1.47,1.7
beta_turnfasman,0.66,0.95,1.56,1.46,1.19,0.98,0.74,1.56,0.95,0.47,0.59,1.01,0.6,0.6,1.52,1.43,0.96,0.96,1.14,0.5
alpha_helixroux,1.489,1.224,0.772,0.924,0.966,1.164,1.504,0.51,1.003,1.003,1.236,1.172,1.363,1.195,0.492,0.739,0.785,1.09,0.787,0.99
beta_sheetroux,0.709,0.92,0.604,0.541,1.191,0.84,0.567,0.657,0.863,1.799,1.261,0.721,1.21,1.393,0.354,0.928,1.221,1.306,1.266,1.965
beta_turnroux,0.788,0.912,1.572,1.197,0.965,0.997,1.149,1.86,0.97,0.24,0.67,1.302,0.436,0.624,1.415,1.316,0.739,0.546,0.795,0.387
coilroux,0.824,0.893,1.167,1.197,0.953,0.947,0.761,1.251,1.068,0.886,0.81,0.897,0.81,0.797,1.54,1.13,1.148,0.941,1.109,0.772
alpha_helixlevitt,1.29,0.96,0.9,1.04,1.11,1.27,1.44,0.56,1.22,0.97,1.3,1.23,1.47,1.07,0.52,0.82,0.82,0.99,0.72,0.91
beta_sheetlevitt,0.9,0.99,0.76,0.72,0.74,0.8,0.75,0.92,1.08,1.45,1.02,0.77,0.97,1.32,0.64,0.95,1.21,1.14,1.25,1.49
beta_turnlevitt,0.77,0.88,1.28,1.41,0.81,0.98,0.99,1.64,0.68,0.51,0.58,0.96,0.41,0.59,1.91,1.32,1.04,0.76,1.05,0.47
totalbeta_strand,0.92,0.93,0.6,0.48,1.16,0.95,0.61,0.61,0.93,1.81,1.3,0.7,1.19,1.25,0.4,0.82,1.12,1.54,1.53,1.81
antiparallelbeta_strand,0.9,1.02,0.62,0.47,1.24,1.18,0.62,0.56,1.12,1.54,1.26,0.74,1.09,1.23,0.42,0.87,1.3,1.75,1.68,1.53
parallelbeta_strand,1.0,0.68,0.54,0.5,0.91,0.28,0.59,0.79,0.38,2.6,1.42,0.59,1.49,1.3,0.35,0.7,0.59,0.89,1.08,2.63
a_a_composition,8.3,5.7,4.4,5.3,1.7,4.0,6.2,7.2,2.2,5.2,9.0,5.7,2.4,3.9,5.1,6.9,5.8,1.3,3.2,6.6
a_a_swiss_prot,8.25,5.53,4.06,5.45,1.37,3.93,6.75,7.07,2.27,5.96,9.66,5.84,2.42,3.86,4.7,6.56,5.34,1.08,2.92,6.87
relativemutability,100.0,65.0,134.0,106.0,20.0,93.0,102.0,49.0,66.0,96.0,40.0,56.0,94.0,41.0,56.0,120.0,97.0,18.0,41.0,74.0
